{
  "Ansi 7 Color" : {
    "Red Component" : 0.98431372549019602,
    "Color Space" : "sRGB",
    "Blue Component" : 0.97254901960784312,
    "Alpha Component" : 1,
    "Green Component" : 0.98431372549019602
  },
  "Tags" : [

  ],
  "Ansi 12 Color" : {
    "Red Component" : 0.070588235294117646,
    "Color Space" : "sRGB",
    "Blue Component" : 0.5490196078431373,
    "Alpha Component" : 1,
    "Green Component" : 0.41960784313725491
  },
  "Ansi 8 Color" : {
    "Red Component" : 0.42352941176470588,
    "Color Space" : "sRGB",
    "Blue Component" : 0.41960784313725491,
    "Alpha Component" : 1,
    "Green Component" : 0.42745098039215684
  },
  "Ansi 9 Color" : {
    "Red Component" : 0.85882352941176465,
    "Color Space" : "sRGB",
    "Blue Component" : 0.70588235294117652,
    "Alpha Component" : 1,
    "Green Component" : 0.63529411764705879
  },
  "Bold Color" : {
    "Red Component" : 0.99607843137254903,
    "Color Space" : "sRGB",
    "Blue Component" : 0.98431372549019602,
    "Alpha Component" : 1,
    "Green Component" : 0.99607843137254903
  },
  "Right Option Key Sends" : 0,
  "Ansi 6 Color" : {
    "Red Component" : 0.26666666666666666,
    "Color Space" : "sRGB",
    "Blue Component" : 0.72941176470588232,
    "Alpha Component" : 1,
    "Green Component" : 0.66274509803921566
  },
  "Rows" : 25,
  "Default Bookmark" : "No",
  "Non-ASCII Anti Aliased" : true,
  "Use Bright Bold" : true,
  "Ansi 10 Color" : {
    "Red Component" : 0.53725490196078429,
    "Color Space" : "sRGB",
    "Blue Component" : 0.2196078431372549,
    "Alpha Component" : 1,
    "Green Component" : 0.51372549019607838
  },
  "Ambiguous Double Width" : false,
  "Jobs to Ignore" : [
    "rlogin",
    "ssh",
    "slogin",
    "telnet"
  ],
  "Ansi 15 Color" : {
    "Red Component" : 0.74901960784313726,
    "Color Space" : "sRGB",
    "Blue Component" : 0.73725490196078436,
    "Alpha Component" : 1,
    "Green Component" : 0.76078431372549016
  },
  "Foreground Color" : {
    "Red Component" : 0.97647058823529409,
    "Color Space" : "sRGB",
    "Blue Component" : 0.94117647058823528,
    "Alpha Component" : 1,
    "Green Component" : 0.97254901960784312
  },
  "Working Directory" : "\/Users\/jimpei",
  "Blinking Cursor" : false,
  "Disable Window Resizing" : true,
  "Sync Title" : false,
  "Prompt Before Closing 2" : false,
  "BM Growl" : true,
  "Command" : "",
  "Description" : "Default",
  "Mouse Reporting" : true,
  "Screen" : -1,
  "Selection Color" : {
    "Red Component" : 0.098039215686274508,
    "Color Space" : "sRGB",
    "Blue Component" : 0.53725490196078429,
    "Alpha Component" : 1,
    "Green Component" : 0.41960784313725491
  },
  "Columns" : 80,
  "Idle Code" : 0,
  "Ansi 13 Color" : {
    "Red Component" : 0.45490196078431372,
    "Color Space" : "sRGB",
    "Blue Component" : 0.63529411764705879,
    "Alpha Component" : 1,
    "Green Component" : 0.3411764705882353
  },
  "Custom Command" : "No",
  "ASCII Anti Aliased" : true,
  "Non Ascii Font" : "Monaco 12",
  "Vertical Spacing" : 1,
  "Use Bold Font" : true,
  "Option Key Sends" : 0,
  "Selected Text Color" : {
    "Red Component" : 0.97647058823529409,
    "Color Space" : "sRGB",
    "Blue Component" : 0.94117647058823528,
    "Alpha Component" : 1,
    "Green Component" : 0.97254901960784312
  },
  "Background Color" : {
    "Red Component" : 0.15294117647058825,
    "Color Space" : "sRGB",
    "Blue Component" : 0.15294117647058825,
    "Alpha Component" : 1,
    "Green Component" : 0.15294117647058825
  },
  "Character Encoding" : 4,
  "Ansi 11 Color" : {
    "Red Component" : 0.54117647058823526,
    "Color Space" : "sRGB",
    "Blue Component" : 0.23921568627450981,
    "Alpha Component" : 1,
    "Green Component" : 0.41960784313725491
  },
  "Use Italic Font" : true,
  "Unlimited Scrollback" : false,
  "Keyboard Map" : {
    "0xf700-0x260000" : {
      "Text" : "[1;6A",
      "Action" : 10
    },
    "0x37-0x40000" : {
      "Text" : "0x1f",
      "Action" : 11
    },
    "0x32-0x40000" : {
      "Text" : "0x00",
      "Action" : 11
    },
    "0xf709-0x20000" : {
      "Text" : "[17;2~",
      "Action" : 10
    },
    "0xf70c-0x20000" : {
      "Text" : "[20;2~",
      "Action" : 10
    },
    "0xf729-0x20000" : {
      "Text" : "[1;2H",
      "Action" : 10
    },
    "0xf72b-0x40000" : {
      "Text" : "[1;5F",
      "Action" : 10
    },
    "0xf705-0x20000" : {
      "Text" : "[1;2Q",
      "Action" : 10
    },
    "0xf703-0x260000" : {
      "Text" : "[1;6C",
      "Action" : 10
    },
    "0xf700-0x220000" : {
      "Text" : "[1;2A",
      "Action" : 10
    },
    "0xf701-0x280000" : {
      "Text" : "0x1b 0x1b 0x5b 0x42",
      "Action" : 11
    },
    "0x38-0x40000" : {
      "Text" : "0x7f",
      "Action" : 11
    },
    "0x33-0x40000" : {
      "Text" : "0x1b",
      "Action" : 11
    },
    "0xf703-0x220000" : {
      "Text" : "[1;2C",
      "Action" : 10
    },
    "0xf701-0x240000" : {
      "Text" : "[1;5B",
      "Action" : 10
    },
    "0xf70d-0x20000" : {
      "Text" : "[21;2~",
      "Action" : 10
    },
    "0xf702-0x260000" : {
      "Text" : "[1;6D",
      "Action" : 10
    },
    "0xf729-0x40000" : {
      "Text" : "[1;5H",
      "Action" : 10
    },
    "0xf706-0x20000" : {
      "Text" : "[1;2R",
      "Action" : 10
    },
    "0x34-0x40000" : {
      "Text" : "0x1c",
      "Action" : 11
    },
    "0xf700-0x280000" : {
      "Text" : "0x1b 0x1b 0x5b 0x41",
      "Action" : 11
    },
    "0x2d-0x40000" : {
      "Text" : "0x1f",
      "Action" : 11
    },
    "0xf70e-0x20000" : {
      "Text" : "[23;2~",
      "Action" : 10
    },
    "0xf702-0x220000" : {
      "Text" : "[1;2D",
      "Action" : 10
    },
    "0xf703-0x280000" : {
      "Text" : "0x1b 0x1b 0x5b 0x43",
      "Action" : 11
    },
    "0xf700-0x240000" : {
      "Text" : "[1;5A",
      "Action" : 10
    },
    "0xf707-0x20000" : {
      "Text" : "[1;2S",
      "Action" : 10
    },
    "0xf70a-0x20000" : {
      "Text" : "[18;2~",
      "Action" : 10
    },
    "0x35-0x40000" : {
      "Text" : "0x1d",
      "Action" : 11
    },
    "0xf70f-0x20000" : {
      "Text" : "[24;2~",
      "Action" : 10
    },
    "0xf703-0x240000" : {
      "Text" : "[1;5C",
      "Action" : 10
    },
    "0xf701-0x260000" : {
      "Text" : "[1;6B",
      "Action" : 10
    },
    "0xf702-0x280000" : {
      "Text" : "0x1b 0x1b 0x5b 0x44",
      "Action" : 11
    },
    "0xf72b-0x20000" : {
      "Text" : "[1;2F",
      "Action" : 10
    },
    "0x36-0x40000" : {
      "Text" : "0x1e",
      "Action" : 11
    },
    "0xf708-0x20000" : {
      "Text" : "[15;2~",
      "Action" : 10
    },
    "0xf701-0x220000" : {
      "Text" : "[1;2B",
      "Action" : 10
    },
    "0xf70b-0x20000" : {
      "Text" : "[19;2~",
      "Action" : 10
    },
    "0xf702-0x240000" : {
      "Text" : "[1;5D",
      "Action" : 10
    },
    "0xf704-0x20000" : {
      "Text" : "[1;2P",
      "Action" : 10
    }
  },
  "Window Type" : 0,
  "Background Image Location" : "",
  "Blur" : false,
  "Scrollback Lines" : 1000,
  "Send Code When Idle" : false,
  "Close Sessions On End" : true,
  "Terminal Type" : "xterm-256color",
  "Visual Bell" : true,
  "Flashing Bell" : false,
  "Silence Bell" : false,
  "Ansi 14 Color" : {
    "Red Component" : 0.52941176470588236,
    "Color Space" : "sRGB",
    "Blue Component" : 0.83137254901960789,
    "Alpha Component" : 1,
    "Green Component" : 0.7803921568627451
  },
  "Name" : "Default",
  "Cursor Text Color" : {
    "Red Component" : 0.2627450980392157,
    "Color Space" : "sRGB",
    "Blue Component" : 0.26666666666666666,
    "Alpha Component" : 1,
    "Green Component" : 0.28627450980392155
  },
  "Shortcut" : "",
  "Cursor Color" : {
    "Red Component" : 0.94509803921568625,
    "Color Space" : "sRGB",
    "Blue Component" : 0.37647058823529411,
    "Alpha Component" : 1,
    "Green Component" : 0.83921568627450982
  },
  "Transparency" : 0,